org.graphiks.math.SkDLine	SkDLine	math/src/main/kotlin/SkDLine.kt:24	src/pathops/SkPathOpsLine.h:14
org.graphiks.math.SkDLine.pts	SkDLine::fPts	math/src/main/kotlin/SkDLine.kt:24	src/pathops/SkPathOpsLine.h:15
org.graphiks.math.SkDLine.get	SkDLine::operator[]	math/src/main/kotlin/SkDLine.kt:30	src/pathops/SkPathOpsLine.h:17
org.graphiks.math.SkDLine.set	SkDLine::operator[]	math/src/main/kotlin/SkDLine.kt:35	src/pathops/SkPathOpsLine.h:18
org.graphiks.math.SkDLine.set	SkDLine::set	math/src/main/kotlin/SkDLine.kt:41	src/pathops/SkPathOpsLine.h:20
org.graphiks.math.SkDLine.ptAtT	SkDLine::ptAtT	math/src/main/kotlin/SkDLine.kt:51	src/pathops/SkPathOpsLine.h:34
org.graphiks.math.SkDLine.exactPoint	SkDLine::exactPoint	math/src/main/kotlin/SkDLine.kt:65	src/pathops/SkPathOpsLine.h:26
org.graphiks.math.SkDLine.nearPoint	SkDLine::nearPoint	math/src/main/kotlin/SkDLine.kt:81	src/pathops/SkPathOpsLine.h:30
org.graphiks.math.SkDLine.nearRay	SkDLine::nearRay	math/src/main/kotlin/SkDLine.kt:110	src/pathops/SkPathOpsLine.h:31
org.graphiks.math.SkDLine.Companion.ExactPointH	SkDLine::ExactPointH	math/src/main/kotlin/SkDLine.kt:140	src/pathops/SkPathOpsLine.h:27
org.graphiks.math.SkDLine.Companion.NearPointH	SkDLine::NearPointH	math/src/main/kotlin/SkDLine.kt:149	src/pathops/SkPathOpsLine.h:32
org.graphiks.math.SkDLine.Companion.ExactPointV	SkDLine::ExactPointV	math/src/main/kotlin/SkDLine.kt:165	src/pathops/SkPathOpsLine.h:28
org.graphiks.math.SkDLine.Companion.NearPointV	SkDLine::NearPointV	math/src/main/kotlin/SkDLine.kt:174	src/pathops/SkPathOpsLine.h:33
