org.graphiks.math.SkDVector	SkDVector	math/src/main/kotlin/SkDPoint.kt:28	src/pathops/SkPathOpsPoint.h:19
org.graphiks.math.SkDVector.plusAssign	SkDVector::operator+=	math/src/main/kotlin/SkDPoint.kt:33	src/pathops/SkPathOpsPoint.h:30
org.graphiks.math.SkDVector.minusAssign	SkDVector::operator-=	math/src/main/kotlin/SkDPoint.kt:36	src/pathops/SkPathOpsPoint.h:36
org.graphiks.math.SkDVector.divAssign	SkDVector::operator/=	math/src/main/kotlin/SkDPoint.kt:39	src/pathops/SkPathOpsPoint.h:42
org.graphiks.math.SkDVector.timesAssign	SkDVector::operator*=	math/src/main/kotlin/SkDPoint.kt:42	src/pathops/SkPathOpsPoint.h:48
org.graphiks.math.SkDVector.asSkPoint	SkDVector::asSkVector	math/src/main/kotlin/SkDPoint.kt:45	src/pathops/SkPathOpsPoint.h:53
org.graphiks.math.SkDVector.cross	SkDVector::cross	math/src/main/kotlin/SkDPoint.kt:48	src/pathops/SkPathOpsPoint.h:59
org.graphiks.math.SkDVector.crossCheck	SkDVector::crossCheck	math/src/main/kotlin/SkDPoint.kt:54	src/pathops/SkPathOpsPoint.h:65
org.graphiks.math.SkDVector.crossNoNormalCheck	SkDVector::crossNoNormalCheck	math/src/main/kotlin/SkDPoint.kt:64	src/pathops/SkPathOpsPoint.h:72
org.graphiks.math.SkDVector.dot	SkDVector::dot	math/src/main/kotlin/SkDPoint.kt:71	src/pathops/SkPathOpsPoint.h:78
org.graphiks.math.SkDVector.length	SkDVector::length	math/src/main/kotlin/SkDPoint.kt:74	src/pathops/SkPathOpsPoint.h:82
org.graphiks.math.SkDVector.lengthSquared	SkDVector::lengthSquared	math/src/main/kotlin/SkDPoint.kt:77	src/pathops/SkPathOpsPoint.h:86
org.graphiks.math.SkDVector.normalize	SkDVector::normalize	math/src/main/kotlin/SkDPoint.kt:84	src/pathops/SkPathOpsPoint.h:90
org.graphiks.math.SkDVector.isFinite	SkDVector::isFinite	math/src/main/kotlin/SkDPoint.kt:91	src/pathops/SkPathOpsPoint.h:97
org.graphiks.math.SkDPoint	SkDPoint	math/src/main/kotlin/SkDPoint.kt:98	src/pathops/SkPathOpsPoint.h:102
org.graphiks.math.SkDPoint.set	SkDPoint::set	math/src/main/kotlin/SkDPoint.kt:102	src/pathops/SkPathOpsPoint.h:106
org.graphiks.math.SkDPoint.plusAssign	SkDPoint::operator+=	math/src/main/kotlin/SkDPoint.kt:105	src/pathops/SkPathOpsPoint.h:129
org.graphiks.math.SkDPoint.minusAssign	SkDPoint::operator-=	math/src/main/kotlin/SkDPoint.kt:108	src/pathops/SkPathOpsPoint.h:135
org.graphiks.math.SkDPoint.plus	SkDPoint::operator+	math/src/main/kotlin/SkDPoint.kt:111	src/pathops/SkPathOpsPoint.h:141
org.graphiks.math.SkDPoint.minus	SkDPoint::operator-	math/src/main/kotlin/SkDPoint.kt:114	src/pathops/SkPathOpsPoint.h:148
org.graphiks.math.SkDPoint.approximatelyDEqual	SkDPoint::approximatelyDEqual	math/src/main/kotlin/SkDPoint.kt:121	src/pathops/SkPathOpsPoint.h:157
org.graphiks.math.SkDPoint.approximatelyEqual	SkDPoint::approximatelyEqual	math/src/main/kotlin/SkDPoint.kt:134	src/pathops/SkPathOpsPoint.h:177
org.graphiks.math.SkDPoint.approximatelyZero	SkDPoint::approximatelyZero	math/src/main/kotlin/SkDPoint.kt:146	src/pathops/SkPathOpsPoint.h:215
org.graphiks.math.SkDPoint.asSkPoint	SkDPoint::asSkPoint	math/src/main/kotlin/SkDPoint.kt:149	src/pathops/SkPathOpsPoint.h:219
org.graphiks.math.SkDPoint.distance	SkDPoint::distance	math/src/main/kotlin/SkDPoint.kt:152	src/pathops/SkPathOpsPoint.h:224
org.graphiks.math.SkDPoint.distanceSquared	SkDPoint::distanceSquared	math/src/main/kotlin/SkDPoint.kt:158	src/pathops/SkPathOpsPoint.h:229
org.graphiks.math.SkDPoint.roughlyEqual	SkDPoint::roughlyEqual	math/src/main/kotlin/SkDPoint.kt:164	src/pathops/SkPathOpsPoint.h:241
org.graphiks.math.SkDPoint.Companion.Mid	SkDPoint::Mid	math/src/main/kotlin/SkDPoint.kt:175	src/pathops/SkPathOpsPoint.h:234
org.graphiks.math.SkDPoint.Companion.ApproximatelyEqual	SkDPoint::ApproximatelyEqual	math/src/main/kotlin/SkDPoint.kt:182	src/pathops/SkPathOpsPoint.h:197
org.graphiks.math.SkDPoint.Companion.RoughlyEqual	SkDPoint::RoughlyEqual	math/src/main/kotlin/SkDPoint.kt:200	src/pathops/SkPathOpsPoint.h:252
org.graphiks.math.SkDPoint.Companion.WayRoughlyEqual	SkDPoint::WayRoughlyEqual	math/src/main/kotlin/SkDPoint.kt:212	src/pathops/SkPathOpsPoint.h:267
