org.graphiks.math.SkIPoint	SkIPoint	math/src/main/kotlin/SkIPoint.kt:18	include/private/base/SkPoint_impl.h:28
org.graphiks.math.SkIPoint.fX	SkIPoint::fX	math/src/main/kotlin/SkIPoint.kt:18	include/private/base/SkPoint_impl.h:29
org.graphiks.math.SkIPoint.fY	SkIPoint::fY	math/src/main/kotlin/SkIPoint.kt:18	include/private/base/SkPoint_impl.h:30
org.graphiks.math.SkIPoint.x	SkIPoint::x	math/src/main/kotlin/SkIPoint.kt:20	include/private/base/SkPoint_impl.h:46
org.graphiks.math.SkIPoint.y	SkIPoint::y	math/src/main/kotlin/SkIPoint.kt:22	include/private/base/SkPoint_impl.h:52
org.graphiks.math.SkIPoint.isZero	SkIPoint::isZero	math/src/main/kotlin/SkIPoint.kt:24	include/private/base/SkPoint_impl.h:58
org.graphiks.math.SkIPoint.set	SkIPoint::set	math/src/main/kotlin/SkIPoint.kt:26	include/private/base/SkPoint_impl.h:65
org.graphiks.math.SkIPoint.unaryMinus	SkIPoint::operator-	math/src/main/kotlin/SkIPoint.kt:36	include/private/base/SkPoint_impl.h:74
org.graphiks.math.SkIPoint.plusAssign	SkIPoint::operator+=	math/src/main/kotlin/SkIPoint.kt:39	include/private/base/SkPoint_impl.h:82
org.graphiks.math.SkIPoint.minusAssign	SkIPoint::operator-=	math/src/main/kotlin/SkIPoint.kt:45	include/private/base/SkPoint_impl.h:91
org.graphiks.math.SkIPoint.minus	SkIPoint::operator-	math/src/main/kotlin/SkIPoint.kt:51	include/private/base/SkPoint_impl.h:134
org.graphiks.math.SkIPoint.plus	SkIPoint::operator+	math/src/main/kotlin/SkIPoint.kt:55	include/private/base/SkPoint_impl.h:148
org.graphiks.math.SkIPoint.equals	SkIPoint::equals	math/src/main/kotlin/SkIPoint.kt:68	include/private/base/SkPoint_impl.h:102
org.graphiks.math.SkIPoint.Companion.Make	SkIPoint::Make	math/src/main/kotlin/SkIPoint.kt:71	include/private/base/SkPoint_impl.h:38
org.graphiks.math.SkIPoint.Companion.sk64PinToS32	Sk64_pin_to_s32	math/src/main/kotlin/SkIPoint.kt:74	include/private/base/SkSafe32.h:16
org.graphiks.math.SkIPoint.Companion.sk32SatAdd	Sk32_sat_add	math/src/main/kotlin/SkIPoint.kt:80	include/private/base/SkSafe32.h:20
org.graphiks.math.SkIPoint.Companion.sk32SatSub	Sk32_sat_sub	math/src/main/kotlin/SkIPoint.kt:81	include/private/base/SkSafe32.h:24
org.graphiks.math.SkIVector	SkIVector	math/src/main/kotlin/SkIPoint.kt:86	include/private/base/SkPoint_impl.h:23
