org.graphiks.math.SkM44	SkM44	math/src/main/kotlin/SkM44.kt:28	include/core/SkM44.h:150
org.graphiks.math.SkM44.fMat	SkM44::fMat	math/src/main/kotlin/SkM44.kt:34	include/core/SkM44.h:437
org.graphiks.math.SkM44.<init>	SkM44::SkM44	math/src/main/kotlin/SkM44.kt:39	include/core/SkM44.h:155
org.graphiks.math.SkM44.Companion.identity	SkM44::SkM44	math/src/main/kotlin/SkM44.kt:98	include/core/SkM44.h:155
org.graphiks.math.SkM44.Companion.translate	SkM44::Translate	math/src/main/kotlin/SkM44.kt:104	include/core/SkM44.h:225
org.graphiks.math.SkM44.Companion.scale	SkM44::Scale	math/src/main/kotlin/SkM44.kt:115	include/core/SkM44.h:232
org.graphiks.math.SkM44.Companion.rotate	SkM44::Rotate	math/src/main/kotlin/SkM44.kt:129	include/core/SkM44.h:239
org.graphiks.math.SkM44.Companion.lookAt	SkM44::LookAt	math/src/main/kotlin/SkM44.kt:138	src/core/SkM44.cpp:331
org.graphiks.math.SkM44.Companion.perspective	SkM44::Perspective	math/src/main/kotlin/SkM44.kt:164	src/core/SkM44.cpp:343
org.graphiks.math.SkM44.Companion.rectToRect	SkM44::RectToRect	math/src/main/kotlin/SkM44.kt:186	src/core/SkM44.cpp:304
org.graphiks.math.SkM44.rc	SkM44::rc	math/src/main/kotlin/SkM44.kt:213	include/core/SkM44.h:261
org.graphiks.math.SkM44.setRC	SkM44::setRC	math/src/main/kotlin/SkM44.kt:219	include/core/SkM44.h:266
org.graphiks.math.SkM44.row	SkM44::row	math/src/main/kotlin/SkM44.kt:225	include/core/SkM44.h:272
org.graphiks.math.SkM44.col	SkM44::col	math/src/main/kotlin/SkM44.kt:231	include/core/SkM44.h:276
org.graphiks.math.SkM44.setRow	SkM44::setRow	math/src/main/kotlin/SkM44.kt:237	include/core/SkM44.h:281
org.graphiks.math.SkM44.setCol	SkM44::setCol	math/src/main/kotlin/SkM44.kt:246	include/core/SkM44.h:288
org.graphiks.math.SkM44.getColMajor	SkM44::getColMajor	math/src/main/kotlin/SkM44.kt:255	include/core/SkM44.h:256
org.graphiks.math.SkM44.getRowMajor	SkM44::getRowMajor	math/src/main/kotlin/SkM44.kt:261	src/core/SkM44.cpp:44
org.graphiks.math.SkM44.isIdentity	SkM44::isIdentity	math/src/main/kotlin/SkM44.kt:269	include/core/SkM44.h:293
org.graphiks.math.SkM44.setIdentity	SkM44::setIdentity	math/src/main/kotlin/SkM44.kt:278	include/core/SkM44.h:293
org.graphiks.math.SkM44.setTranslate	SkM44::setTranslate	math/src/main/kotlin/SkM44.kt:287	include/core/SkM44.h:301
org.graphiks.math.SkM44.setScale	SkM44::setScale	math/src/main/kotlin/SkM44.kt:295	include/core/SkM44.h:309
org.graphiks.math.SkM44.setRotateUnitSinCos	SkM44::setRotateUnitSinCos	math/src/main/kotlin/SkM44.kt:307	src/core/SkM44.cpp:262
org.graphiks.math.SkM44.setRotateUnit	SkM44::setRotateUnit	math/src/main/kotlin/SkM44.kt:324	include/core/SkM44.h:332
org.graphiks.math.SkM44.setRotate	SkM44::setRotate	math/src/main/kotlin/SkM44.kt:333	src/core/SkM44.cpp:279
org.graphiks.math.SkM44.setConcat	SkM44::setConcat	math/src/main/kotlin/SkM44.kt:348	src/core/SkM44.cpp:48
org.graphiks.math.SkM44.times	SkM44::operator*	math/src/main/kotlin/SkM44.kt:370	include/core/SkM44.h:347
org.graphiks.math.SkM44.preConcat	SkM44::preConcat	math/src/main/kotlin/SkM44.kt:373	include/core/SkM44.h:351
org.graphiks.math.SkM44.postConcat	SkM44::postConcat	math/src/main/kotlin/SkM44.kt:376	include/core/SkM44.h:355
org.graphiks.math.SkM44.preTranslate	SkM44::preTranslate	math/src/main/kotlin/SkM44.kt:389	src/core/SkM44.cpp:89
org.graphiks.math.SkM44.postTranslate	SkM44::postTranslate	math/src/main/kotlin/SkM44.kt:409	src/core/SkM44.cpp:100
org.graphiks.math.SkM44.preScale	SkM44::preScale	math/src/main/kotlin/SkM44.kt:423	src/core/SkM44.cpp:109
org.graphiks.math.SkM44.map	SkM44::map	math/src/main/kotlin/SkM44.kt:446	src/core/SkM44.cpp:129
org.graphiks.math.SkM44.invert	SkM44::invert	math/src/main/kotlin/SkM44.kt:520	src/core/SkM44.cpp:247
org.graphiks.math.SkM44.transpose	SkM44::transpose	math/src/main/kotlin/SkM44.kt:578	src/core/SkM44.cpp:256
org.graphiks.math.SkM44.asM33	SkM44::asM33	math/src/main/kotlin/SkM44.kt:594	include/core/SkM44.h:409
org.graphiks.math.SkM44.normalizePerspective	SkM44::normalizePerspective	math/src/main/kotlin/SkM44.kt:621	src/core/SkM44.cpp:226
org.graphiks.math.SkM44.isFinite	SkM44::isFinite	math/src/main/kotlin/SkM44.kt:634	include/core/SkM44.h:378
org.graphiks.math.SkM44.equals	SkM44::operator==	math/src/main/kotlin/SkM44.kt:641	src/core/SkM44.cpp:18
org.graphiks.math.SkM44.dump	SkM44::dump	math/src/main/kotlin/SkM44.kt:652	src/core/SkM44.cpp:291
