org.graphiks.math.FLT_EPSILON_CUBED	FLT_EPSILON_CUBED	math/src/main/kotlin/SkPathOpsTypes.kt:30	src/pathops/SkPathOpsTypes.h:305
org.graphiks.math.FLT_EPSILON_HALF	FLT_EPSILON_HALF	math/src/main/kotlin/SkPathOpsTypes.kt:31	src/pathops/SkPathOpsTypes.h:306
org.graphiks.math.FLT_EPSILON_DOUBLE	FLT_EPSILON_DOUBLE	math/src/main/kotlin/SkPathOpsTypes.kt:32	src/pathops/SkPathOpsTypes.h:307
org.graphiks.math.FLT_EPSILON_ORDERABLE_ERR	FLT_EPSILON_ORDERABLE_ERR	math/src/main/kotlin/SkPathOpsTypes.kt:33	src/pathops/SkPathOpsTypes.h:308
org.graphiks.math.FLT_EPSILON_SQUARED	FLT_EPSILON_SQUARED	math/src/main/kotlin/SkPathOpsTypes.kt:34	src/pathops/SkPathOpsTypes.h:309
org.graphiks.math.FLT_EPSILON_SQRT	FLT_EPSILON_SQRT	math/src/main/kotlin/SkPathOpsTypes.kt:41	src/pathops/SkPathOpsTypes.h:312
org.graphiks.math.FLT_EPSILON_INVERSE	FLT_EPSILON_INVERSE	math/src/main/kotlin/SkPathOpsTypes.kt:43	src/pathops/SkPathOpsTypes.h:313
org.graphiks.math.DBL_EPSILON_ERR	DBL_EPSILON_ERR	math/src/main/kotlin/SkPathOpsTypes.kt:44	src/pathops/SkPathOpsTypes.h:314
org.graphiks.math.DBL_EPSILON_SUBDIVIDE_ERR	DBL_EPSILON_SUBDIVIDE_ERR	math/src/main/kotlin/SkPathOpsTypes.kt:45	src/pathops/SkPathOpsTypes.h:315
org.graphiks.math.ROUGH_EPSILON	ROUGH_EPSILON	math/src/main/kotlin/SkPathOpsTypes.kt:46	src/pathops/SkPathOpsTypes.h:316
org.graphiks.math.MORE_ROUGH_EPSILON	MORE_ROUGH_EPSILON	math/src/main/kotlin/SkPathOpsTypes.kt:47	src/pathops/SkPathOpsTypes.h:317
org.graphiks.math.WAY_ROUGH_EPSILON	WAY_ROUGH_EPSILON	math/src/main/kotlin/SkPathOpsTypes.kt:48	src/pathops/SkPathOpsTypes.h:318
org.graphiks.math.BUMP_EPSILON	BUMP_EPSILON	math/src/main/kotlin/SkPathOpsTypes.kt:49	src/pathops/SkPathOpsTypes.h:319
org.graphiks.math.AlmostEqualUlps	AlmostEqualUlps	math/src/main/kotlin/SkPathOpsTypes.kt:137	src/pathops/SkPathOpsTypes.cpp:138
org.graphiks.math.AlmostEqualUlps	AlmostEqualUlps(double)	math/src/main/kotlin/SkPathOpsTypes.kt:138	src/pathops/SkPathOpsTypes.h:234
org.graphiks.math.AlmostEqualUlpsNoNormalCheck	AlmostEqualUlpsNoNormalCheck	math/src/main/kotlin/SkPathOpsTypes.kt:140	src/pathops/SkPathOpsTypes.cpp:143
org.graphiks.math.AlmostEqualUlpsNoNormalCheck	AlmostEqualUlpsNoNormalCheck(double)	math/src/main/kotlin/SkPathOpsTypes.kt:141	src/pathops/SkPathOpsTypes.h:239
org.graphiks.math.AlmostEqualUlpsPin	AlmostEqualUlps_Pin	math/src/main/kotlin/SkPathOpsTypes.kt:143	src/pathops/SkPathOpsTypes.cpp:148
org.graphiks.math.AlmostEqualUlpsPin	AlmostEqualUlps_Pin(double)	math/src/main/kotlin/SkPathOpsTypes.kt:144	src/pathops/SkPathOpsTypes.h:244
org.graphiks.math.AlmostBequalUlps	AlmostBequalUlps	math/src/main/kotlin/SkPathOpsTypes.kt:146	src/pathops/SkPathOpsTypes.cpp:113
org.graphiks.math.AlmostBequalUlps	AlmostBequalUlps(double)	math/src/main/kotlin/SkPathOpsTypes.kt:147	src/pathops/SkPathOpsTypes.h:269
org.graphiks.math.AlmostPequalUlps	AlmostPequalUlps	math/src/main/kotlin/SkPathOpsTypes.kt:149	src/pathops/SkPathOpsTypes.cpp:118
org.graphiks.math.AlmostPequalUlps	AlmostPequalUlps(double)	math/src/main/kotlin/SkPathOpsTypes.kt:150	src/pathops/SkPathOpsTypes.h:274
org.graphiks.math.AlmostDequalUlps	AlmostDequalUlps	math/src/main/kotlin/SkPathOpsTypes.kt:152	src/pathops/SkPathOpsTypes.cpp:123
org.graphiks.math.AlmostDequalUlps	AlmostDequalUlps(double)	math/src/main/kotlin/SkPathOpsTypes.kt:153	src/pathops/SkPathOpsTypes.h:250
org.graphiks.math.NotAlmostEqualUlps	NotAlmostEqualUlps	math/src/main/kotlin/SkPathOpsTypes.kt:163	src/pathops/SkPathOpsTypes.cpp:153
org.graphiks.math.NotAlmostEqualUlps	NotAlmostEqualUlps(double)	math/src/main/kotlin/SkPathOpsTypes.kt:164	src/pathops/SkPathOpsTypes.h:253
org.graphiks.math.NotAlmostEqualUlpsPin	NotAlmostEqualUlps_Pin	math/src/main/kotlin/SkPathOpsTypes.kt:166	src/pathops/SkPathOpsTypes.cpp:158
org.graphiks.math.NotAlmostEqualUlpsPin	NotAlmostEqualUlps_Pin(double)	math/src/main/kotlin/SkPathOpsTypes.kt:167	src/pathops/SkPathOpsTypes.h:258
org.graphiks.math.NotAlmostDequalUlps	NotAlmostDequalUlps	math/src/main/kotlin/SkPathOpsTypes.kt:169	src/pathops/SkPathOpsTypes.cpp:163
org.graphiks.math.NotAlmostDequalUlps	NotAlmostDequalUlps(double)	math/src/main/kotlin/SkPathOpsTypes.kt:170	src/pathops/SkPathOpsTypes.h:263
org.graphiks.math.RoughlyEqualUlps	RoughlyEqualUlps	math/src/main/kotlin/SkPathOpsTypes.kt:172	src/pathops/SkPathOpsTypes.cpp:168
org.graphiks.math.RoughlyEqualUlps	RoughlyEqualUlps(double)	math/src/main/kotlin/SkPathOpsTypes.kt:173	src/pathops/SkPathOpsTypes.h:279
org.graphiks.math.AlmostBetweenUlps	AlmostBetweenUlps	math/src/main/kotlin/SkPathOpsTypes.kt:175	src/pathops/SkPathOpsTypes.cpp:174
org.graphiks.math.AlmostBetweenUlps	AlmostBetweenUlps(double)	math/src/main/kotlin/SkPathOpsTypes.kt:179	src/pathops/SkPathOpsTypes.h:294
org.graphiks.math.AlmostLessUlps	AlmostLessUlps	math/src/main/kotlin/SkPathOpsTypes.kt:182	src/pathops/SkPathOpsTypes.cpp:180
org.graphiks.math.AlmostLessUlps	AlmostLessUlps(double)	math/src/main/kotlin/SkPathOpsTypes.kt:183	src/pathops/SkPathOpsTypes.h:284
org.graphiks.math.AlmostLessOrEqualUlps	AlmostLessOrEqualUlps	math/src/main/kotlin/SkPathOpsTypes.kt:185	src/pathops/SkPathOpsTypes.cpp:185
org.graphiks.math.AlmostLessOrEqualUlps	AlmostLessOrEqualUlps(double)	math/src/main/kotlin/SkPathOpsTypes.kt:186	src/pathops/SkPathOpsTypes.h:289
org.graphiks.math.UlpsDistance	UlpsDistance	math/src/main/kotlin/SkPathOpsTypes.kt:193	src/pathops/SkPathOpsTypes.cpp:190
org.graphiks.math.zero_or_one	zero_or_one	math/src/main/kotlin/SkPathOpsTypes.kt:206	src/pathops/SkPathOpsTypes.h:323
org.graphiks.math.approximately_zero	approximately_zero	math/src/main/kotlin/SkPathOpsTypes.kt:208	src/pathops/SkPathOpsTypes.h:327
org.graphiks.math.precisely_zero	precisely_zero	math/src/main/kotlin/SkPathOpsTypes.kt:210	src/pathops/SkPathOpsTypes.h:331
org.graphiks.math.precisely_subdivide_zero	precisely_subdivide_zero	math/src/main/kotlin/SkPathOpsTypes.kt:211	src/pathops/SkPathOpsTypes.h:335
org.graphiks.math.approximately_zero_half	approximately_zero_half	math/src/main/kotlin/SkPathOpsTypes.kt:212	src/pathops/SkPathOpsTypes.h:343
org.graphiks.math.approximately_zero_double	approximately_zero_double	math/src/main/kotlin/SkPathOpsTypes.kt:213	src/pathops/SkPathOpsTypes.h:347
org.graphiks.math.approximately_zero_orderable	approximately_zero_orderable	math/src/main/kotlin/SkPathOpsTypes.kt:214	src/pathops/SkPathOpsTypes.h:351
org.graphiks.math.approximately_zero_squared	approximately_zero_squared	math/src/main/kotlin/SkPathOpsTypes.kt:215	src/pathops/SkPathOpsTypes.h:355
org.graphiks.math.approximately_zero_sqrt	approximately_zero_sqrt	math/src/main/kotlin/SkPathOpsTypes.kt:216	src/pathops/SkPathOpsTypes.h:359
org.graphiks.math.roughly_zero	roughly_zero	math/src/main/kotlin/SkPathOpsTypes.kt:217	src/pathops/SkPathOpsTypes.h:363
org.graphiks.math.approximately_zero_inverse	approximately_zero_inverse	math/src/main/kotlin/SkPathOpsTypes.kt:218	src/pathops/SkPathOpsTypes.h:367
org.graphiks.math.approximately_zero_when_compared_to	approximately_zero_when_compared_to	math/src/main/kotlin/SkPathOpsTypes.kt:220	src/pathops/SkPathOpsTypes.h:371
org.graphiks.math.precisely_zero_when_compared_to	precisely_zero_when_compared_to	math/src/main/kotlin/SkPathOpsTypes.kt:223	src/pathops/SkPathOpsTypes.h:375
org.graphiks.math.roughly_zero_when_compared_to	roughly_zero_when_compared_to	math/src/main/kotlin/SkPathOpsTypes.kt:226	src/pathops/SkPathOpsTypes.h:379
org.graphiks.math.approximately_equal	approximately_equal	math/src/main/kotlin/SkPathOpsTypes.kt:230	src/pathops/SkPathOpsTypes.h:385
org.graphiks.math.precisely_equal	precisely_equal	math/src/main/kotlin/SkPathOpsTypes.kt:231	src/pathops/SkPathOpsTypes.h:389
org.graphiks.math.precisely_subdivide_equal	precisely_subdivide_equal	math/src/main/kotlin/SkPathOpsTypes.kt:232	src/pathops/SkPathOpsTypes.h:393
org.graphiks.math.approximately_equal_half	approximately_equal_half	math/src/main/kotlin/SkPathOpsTypes.kt:233	src/pathops/SkPathOpsTypes.h:397
org.graphiks.math.approximately_equal_double	approximately_equal_double	math/src/main/kotlin/SkPathOpsTypes.kt:234	src/pathops/SkPathOpsTypes.h:401
org.graphiks.math.approximately_equal_orderable	approximately_equal_orderable	math/src/main/kotlin/SkPathOpsTypes.kt:235	src/pathops/SkPathOpsTypes.h:405
org.graphiks.math.approximately_equal_squared	approximately_equal_squared	math/src/main/kotlin/SkPathOpsTypes.kt:236	src/pathops/SkPathOpsTypes.h:409
org.graphiks.math.approximately_greater	approximately_greater	math/src/main/kotlin/SkPathOpsTypes.kt:238	src/pathops/SkPathOpsTypes.h:413
org.graphiks.math.approximately_greater_double	approximately_greater_double	math/src/main/kotlin/SkPathOpsTypes.kt:239	src/pathops/SkPathOpsTypes.h:417
org.graphiks.math.approximately_greater_orderable	approximately_greater_orderable	math/src/main/kotlin/SkPathOpsTypes.kt:240	src/pathops/SkPathOpsTypes.h:421
org.graphiks.math.approximately_greater_or_equal	approximately_greater_or_equal	math/src/main/kotlin/SkPathOpsTypes.kt:241	src/pathops/SkPathOpsTypes.h:425
org.graphiks.math.approximately_greater_or_equal_double	approximately_greater_or_equal_double	math/src/main/kotlin/SkPathOpsTypes.kt:242	src/pathops/SkPathOpsTypes.h:429
org.graphiks.math.approximately_greater_or_equal_orderable	approximately_greater_or_equal_orderable	math/src/main/kotlin/SkPathOpsTypes.kt:243	src/pathops/SkPathOpsTypes.h:433
org.graphiks.math.approximately_lesser	approximately_lesser	math/src/main/kotlin/SkPathOpsTypes.kt:244	src/pathops/SkPathOpsTypes.h:437
org.graphiks.math.approximately_lesser_double	approximately_lesser_double	math/src/main/kotlin/SkPathOpsTypes.kt:245	src/pathops/SkPathOpsTypes.h:441
org.graphiks.math.approximately_lesser_orderable	approximately_lesser_orderable	math/src/main/kotlin/SkPathOpsTypes.kt:246	src/pathops/SkPathOpsTypes.h:445
org.graphiks.math.approximately_lesser_or_equal	approximately_lesser_or_equal	math/src/main/kotlin/SkPathOpsTypes.kt:247	src/pathops/SkPathOpsTypes.h:449
org.graphiks.math.approximately_lesser_or_equal_double	approximately_lesser_or_equal_double	math/src/main/kotlin/SkPathOpsTypes.kt:248	src/pathops/SkPathOpsTypes.h:453
org.graphiks.math.approximately_lesser_or_equal_orderable	approximately_lesser_or_equal_orderable	math/src/main/kotlin/SkPathOpsTypes.kt:249	src/pathops/SkPathOpsTypes.h:457
org.graphiks.math.approximately_greater_than_one	approximately_greater_than_one	math/src/main/kotlin/SkPathOpsTypes.kt:251	src/pathops/SkPathOpsTypes.h:461
org.graphiks.math.precisely_greater_than_one	precisely_greater_than_one	math/src/main/kotlin/SkPathOpsTypes.kt:252	src/pathops/SkPathOpsTypes.h:465
org.graphiks.math.approximately_less_than_zero	approximately_less_than_zero	math/src/main/kotlin/SkPathOpsTypes.kt:253	src/pathops/SkPathOpsTypes.h:469
org.graphiks.math.precisely_less_than_zero	precisely_less_than_zero	math/src/main/kotlin/SkPathOpsTypes.kt:254	src/pathops/SkPathOpsTypes.h:473
org.graphiks.math.approximately_negative	approximately_negative	math/src/main/kotlin/SkPathOpsTypes.kt:255	src/pathops/SkPathOpsTypes.h:477
org.graphiks.math.approximately_negative_orderable	approximately_negative_orderable	math/src/main/kotlin/SkPathOpsTypes.kt:256	src/pathops/SkPathOpsTypes.h:481
org.graphiks.math.precisely_negative	precisely_negative	math/src/main/kotlin/SkPathOpsTypes.kt:257	src/pathops/SkPathOpsTypes.h:485
org.graphiks.math.approximately_one_or_less	approximately_one_or_less	math/src/main/kotlin/SkPathOpsTypes.kt:258	src/pathops/SkPathOpsTypes.h:489
org.graphiks.math.approximately_one_or_less_double	approximately_one_or_less_double	math/src/main/kotlin/SkPathOpsTypes.kt:259	src/pathops/SkPathOpsTypes.h:493
org.graphiks.math.approximately_positive	approximately_positive	math/src/main/kotlin/SkPathOpsTypes.kt:260	src/pathops/SkPathOpsTypes.h:497
org.graphiks.math.approximately_positive_squared	approximately_positive_squared	math/src/main/kotlin/SkPathOpsTypes.kt:261	src/pathops/SkPathOpsTypes.h:501
org.graphiks.math.approximately_zero_or_more	approximately_zero_or_more	math/src/main/kotlin/SkPathOpsTypes.kt:263	src/pathops/SkPathOpsTypes.h:505
org.graphiks.math.approximately_zero_or_more_double	approximately_zero_or_more_double	math/src/main/kotlin/SkPathOpsTypes.kt:264	src/pathops/SkPathOpsTypes.h:509
org.graphiks.math.approximately_between_orderable	approximately_between_orderable	math/src/main/kotlin/SkPathOpsTypes.kt:266	src/pathops/SkPathOpsTypes.h:513
org.graphiks.math.approximately_between	approximately_between	math/src/main/kotlin/SkPathOpsTypes.kt:270	src/pathops/SkPathOpsTypes.h:519
org.graphiks.math.precisely_between	precisely_between	math/src/main/kotlin/SkPathOpsTypes.kt:274	src/pathops/SkPathOpsTypes.h:524
org.graphiks.math.between	between	math/src/main/kotlin/SkPathOpsTypes.kt:279	src/pathops/SkPathOpsTypes.h:530
org.graphiks.math.roughly_equal	roughly_equal	math/src/main/kotlin/SkPathOpsTypes.kt:281	src/pathops/SkPathOpsTypes.h:536
org.graphiks.math.roughly_negative	roughly_negative	math/src/main/kotlin/SkPathOpsTypes.kt:282	src/pathops/SkPathOpsTypes.h:540
org.graphiks.math.roughly_between	roughly_between	math/src/main/kotlin/SkPathOpsTypes.kt:283	src/pathops/SkPathOpsTypes.h:544
org.graphiks.math.more_roughly_equal	more_roughly_equal	math/src/main/kotlin/SkPathOpsTypes.kt:287	src/pathops/SkPathOpsTypes.h:549
org.graphiks.math.SkDInterp	SkDInterp	math/src/main/kotlin/SkPathOpsTypes.kt:292	src/pathops/SkPathOpsTypes.h:581
org.graphiks.math.SkDSign	SkDSign	math/src/main/kotlin/SkPathOpsTypes.kt:295	src/pathops/SkPathOpsTypes.h:587
org.graphiks.math.SKDSide	SKDSide	math/src/main/kotlin/SkPathOpsTypes.kt:298	src/pathops/SkPathOpsTypes.h:593
org.graphiks.math.SkDSideBit	SkDSideBit	math/src/main/kotlin/SkPathOpsTypes.kt:301	src/pathops/SkPathOpsTypes.h:599
org.graphiks.math.SkPinT	SkPinT	math/src/main/kotlin/SkPathOpsTypes.kt:304	src/pathops/SkPathOpsTypes.h:603
