org.graphiks.math.SkPoint	SkPoint	math/src/commonMain/kotlin/SkPoint.kt:21	include/private/base/SkPoint_impl.h:163
org.graphiks.math.SkPoint.fX	SkPoint::fX	math/src/commonMain/kotlin/SkPoint.kt:21	include/private/base/SkPoint_impl.h:164
org.graphiks.math.SkPoint.fY	SkPoint::fY	math/src/commonMain/kotlin/SkPoint.kt:21	include/private/base/SkPoint_impl.h:165
org.graphiks.math.SkPoint.x	SkPoint::x	math/src/commonMain/kotlin/SkPoint.kt:23	include/private/base/SkPoint_impl.h:181
org.graphiks.math.SkPoint.y	SkPoint::y	math/src/commonMain/kotlin/SkPoint.kt:25	include/private/base/SkPoint_impl.h:187
org.graphiks.math.SkPoint.isZero	SkPoint::isZero	math/src/commonMain/kotlin/SkPoint.kt:27	include/private/base/SkPoint_impl.h:193
org.graphiks.math.SkPoint.set	SkPoint::set	math/src/commonMain/kotlin/SkPoint.kt:29	include/private/base/SkPoint_impl.h:200
org.graphiks.math.SkPoint.iset	SkPoint::iset	math/src/commonMain/kotlin/SkPoint.kt:34	include/private/base/SkPoint_impl.h:214
org.graphiks.math.SkPoint.setAbs	SkPoint::setAbs	math/src/commonMain/kotlin/SkPoint.kt:44	include/private/base/SkPoint_impl.h:236
org.graphiks.math.SkPoint.offset	SkPoint::offset	math/src/commonMain/kotlin/SkPoint.kt:49	include/private/base/SkPoint_impl.h:269
org.graphiks.math.SkPoint.length	SkPoint::length	math/src/commonMain/kotlin/SkPoint.kt:54	include/private/base/SkPoint_impl.h:282
org.graphiks.math.SkPoint.distanceToOrigin	SkPoint::distanceToOrigin	math/src/commonMain/kotlin/SkPoint.kt:56	include/private/base/SkPoint_impl.h:292
org.graphiks.math.SkPoint.normalize	SkPoint::normalize	math/src/commonMain/kotlin/SkPoint.kt:63	src/core/SkPoint.cpp:22
org.graphiks.math.SkPoint.setNormalize	SkPoint::setNormalize	math/src/commonMain/kotlin/SkPoint.kt:65	src/core/SkPoint.cpp:26
org.graphiks.math.SkPoint.setLength	SkPoint::setLength(float)	math/src/commonMain/kotlin/SkPoint.kt:67	src/core/SkPoint.cpp:30
org.graphiks.math.SkPoint.scale	SkPoint::scale	math/src/commonMain/kotlin/SkPoint.kt:72	src/core/SkPoint.cpp:17
org.graphiks.math.SkPoint.negate	SkPoint::negate	math/src/commonMain/kotlin/SkPoint.kt:81	include/private/base/SkPoint_impl.h:357
org.graphiks.math.SkPoint.unaryMinus	SkPoint::operator-	math/src/commonMain/kotlin/SkPoint.kt:86	include/private/base/SkPoint_impl.h:366
org.graphiks.math.SkPoint.plusAssign	SkPoint::operator+=	math/src/commonMain/kotlin/SkPoint.kt:88	include/private/base/SkPoint_impl.h:374
org.graphiks.math.SkPoint.minusAssign	SkPoint::operator-=	math/src/commonMain/kotlin/SkPoint.kt:93	include/private/base/SkPoint_impl.h:383
org.graphiks.math.SkPoint.times	SkPoint::operator*	math/src/commonMain/kotlin/SkPoint.kt:98	include/private/base/SkPoint_impl.h:393
org.graphiks.math.SkPoint.timesAssign	SkPoint::operator*=	math/src/commonMain/kotlin/SkPoint.kt:100	include/private/base/SkPoint_impl.h:402
org.graphiks.math.SkPoint.plus	SkPoint::operator+	math/src/commonMain/kotlin/SkPoint.kt:105	include/private/base/SkPoint_impl.h:469
org.graphiks.math.SkPoint.minus	SkPoint::operator-	math/src/commonMain/kotlin/SkPoint.kt:107	include/private/base/SkPoint_impl.h:455
org.graphiks.math.SkPoint.isFinite	SkPoint::isFinite	math/src/commonMain/kotlin/SkPoint.kt:109	include/private/base/SkPoint_impl.h:412
org.graphiks.math.SkPoint.equals	SkPoint::equals	math/src/commonMain/kotlin/SkPoint.kt:112	include/private/base/SkPoint_impl.h:422
org.graphiks.math.SkPoint.cross	SkPoint::cross	math/src/commonMain/kotlin/SkPoint.kt:114	include/private/base/SkPoint_impl.h:545
org.graphiks.math.SkPoint.dot	SkPoint::dot	math/src/commonMain/kotlin/SkPoint.kt:116	include/private/base/SkPoint_impl.h:554
org.graphiks.math.SkPoint.Companion.Make	SkPoint::Make	math/src/commonMain/kotlin/SkPoint.kt:119	include/private/base/SkPoint_impl.h:173
org.graphiks.math.SkPoint.Companion.Offset	SkPoint::Offset	math/src/commonMain/kotlin/SkPoint.kt:121	include/private/base/SkPoint_impl.h:247
org.graphiks.math.SkPoint.Companion.Length	SkPoint::Length	math/src/commonMain/kotlin/SkPoint.kt:136	src/core/SkPoint.cpp:79
org.graphiks.math.SkPoint.Companion.Normalize	SkPoint::Normalize	math/src/commonMain/kotlin/SkPoint.kt:151	src/core/SkPoint.cpp:71
org.graphiks.math.SkPoint.Companion.Distance	SkPoint::Distance	math/src/commonMain/kotlin/SkPoint.kt:156	include/private/base/SkPoint_impl.h:508
org.graphiks.math.SkPoint.Companion.DotProduct	SkPoint::DotProduct	math/src/commonMain/kotlin/SkPoint.kt:158	include/private/base/SkPoint_impl.h:518
org.graphiks.math.SkPoint.Companion.CrossProduct	SkPoint::CrossProduct	math/src/commonMain/kotlin/SkPoint.kt:160	include/private/base/SkPoint_impl.h:532
org.graphiks.math.SkVector	SkVector	math/src/commonMain/kotlin/SkPoint.kt:199	include/private/base/SkPoint_impl.h:158
