org.graphiks.math.SkPoint3	SkPoint3	math/src/main/kotlin/SkPoint3.kt:12	include/core/SkPoint3.h:15
org.graphiks.math.SkPoint3.fX	SkPoint3::fX	math/src/main/kotlin/SkPoint3.kt:13	include/core/SkPoint3.h:16
org.graphiks.math.SkPoint3.fY	SkPoint3::fY	math/src/main/kotlin/SkPoint3.kt:14	include/core/SkPoint3.h:16
org.graphiks.math.SkPoint3.fZ	SkPoint3::fZ	math/src/main/kotlin/SkPoint3.kt:15	include/core/SkPoint3.h:16
org.graphiks.math.SkPoint3.x	SkPoint3::x	math/src/main/kotlin/SkPoint3.kt:17	include/core/SkPoint3.h:24
org.graphiks.math.SkPoint3.y	SkPoint3::y	math/src/main/kotlin/SkPoint3.kt:18	include/core/SkPoint3.h:25
org.graphiks.math.SkPoint3.z	SkPoint3::z	math/src/main/kotlin/SkPoint3.kt:19	include/core/SkPoint3.h:26
org.graphiks.math.SkPoint3.set	SkPoint3::set	math/src/main/kotlin/SkPoint3.kt:21	include/core/SkPoint3.h:28
org.graphiks.math.SkPoint3.length	SkPoint3::length	math/src/main/kotlin/SkPoint3.kt:25	include/core/SkPoint3.h:44
org.graphiks.math.SkPoint3.isFinite	SkPoint3::isFinite	math/src/main/kotlin/SkPoint3.kt:29	include/core/SkPoint3.h:116
org.graphiks.math.SkPoint3.unaryMinus	SkPoint3::operator-	math/src/main/kotlin/SkPoint3.kt:31	include/core/SkPoint3.h:71
org.graphiks.math.SkPoint3.plus	SkPoint3::operator+	math/src/main/kotlin/SkPoint3.kt:33	include/core/SkPoint3.h:88
org.graphiks.math.SkPoint3.minus	SkPoint3::operator-	math/src/main/kotlin/SkPoint3.kt:34	include/core/SkPoint3.h:82
org.graphiks.math.SkPoint3.times	SkPoint3::operator*	math/src/main/kotlin/SkPoint3.kt:35	include/core/SkPoint3.h:108
org.graphiks.math.SkPoint3.Companion.Make	SkPoint3::Make	math/src/main/kotlin/SkPoint3.kt:38	include/core/SkPoint3.h:18
org.graphiks.math.SkPoint3.Companion.Length	SkPoint3::Length	math/src/main/kotlin/SkPoint3.kt:40	src/core/SkPoint3.cpp:29
org.graphiks.math.SkPoint3.Companion.DotProduct	SkPoint3::DotProduct	math/src/main/kotlin/SkPoint3.kt:43	include/core/SkPoint3.h:122
org.graphiks.math.SkPoint3.Companion.CrossProduct	SkPoint3::CrossProduct	math/src/main/kotlin/SkPoint3.kt:46	include/core/SkPoint3.h:132
