org.graphiks.math.SkV2	SkV2	math/src/main/kotlin/SkV2.kt:16	include/core/SkM44.h:19
org.graphiks.math.SkV2.x	SkV2::x	math/src/main/kotlin/SkV2.kt:16	include/core/SkM44.h:20
org.graphiks.math.SkV2.y	SkV2::y	math/src/main/kotlin/SkV2.kt:16	include/core/SkM44.h:20
org.graphiks.math.SkV2.unaryMinus	SkV2::operator-	math/src/main/kotlin/SkV2.kt:18	include/core/SkM44.h:29
org.graphiks.math.SkV2.plus	SkV2::operator+(SkV2)	math/src/main/kotlin/SkV2.kt:20	include/core/SkM44.h:30
org.graphiks.math.SkV2.minus	SkV2::operator-(SkV2)	math/src/main/kotlin/SkV2.kt:21	include/core/SkM44.h:31
org.graphiks.math.SkV2.times	SkV2::operator*(SkV2)	math/src/main/kotlin/SkV2.kt:24	include/core/SkM44.h:33
org.graphiks.math.SkV2.times	SkV2::operator*(SkScalar)	math/src/main/kotlin/SkV2.kt:26	include/core/SkM44.h:34
org.graphiks.math.SkV2.div	SkV2::operator/(SkScalar)	math/src/main/kotlin/SkV2.kt:28	include/core/SkM44.h:36
org.graphiks.math.SkV2.lengthSquared	SkV2::lengthSquared	math/src/main/kotlin/SkV2.kt:30	include/core/SkM44.h:45
org.graphiks.math.SkV2.length	SkV2::length	math/src/main/kotlin/SkV2.kt:31	include/core/SkM44.h:46
org.graphiks.math.SkV2.dot	SkV2::dot	math/src/main/kotlin/SkV2.kt:33	include/core/SkM44.h:48
org.graphiks.math.SkV2.cross	SkV2::cross	math/src/main/kotlin/SkV2.kt:34	include/core/SkM44.h:49
org.graphiks.math.SkV2.normalize	SkV2::normalize	math/src/main/kotlin/SkV2.kt:35	include/core/SkM44.h:50
org.graphiks.math.SkV2.Companion.Dot	SkV2::Dot	math/src/main/kotlin/SkV2.kt:38	include/core/SkM44.h:25
org.graphiks.math.SkV2.Companion.Cross	SkV2::Cross	math/src/main/kotlin/SkV2.kt:39	include/core/SkM44.h:26
org.graphiks.math.SkV2.Companion.Normalize	SkV2::Normalize	math/src/main/kotlin/SkV2.kt:40	include/core/SkM44.h:27
org.graphiks.math.times	SkV2::operator*(SkScalar,SkV2)	math/src/main/kotlin/SkV2.kt:45	include/core/SkM44.h:35
